,City,Country,Date,Cloudiness,Humidity,Lat,Lng,Max Temp,Wind Speed
0,qaanaaq,GL,1584056449,0,44,77.48,-69.36,-19.97,5.26
1,torbay,CA,1584056450,90,92,47.67,-52.73,28.99,9.17
2,cape town,CL,1584056450,75,53,-36.41,-71.9,73.4,12.75
3,kapaa,US,1584056412,90,88,22.08,-159.32,77.0,11.41
4,bambous virieux,MU,1584056450,75,94,-20.26,57.41,80.01,6.91
5,east london,IS,1584056450,90,67,65.0,-15.0,23.0,3.36
6,lebu,CL,1584056451,100,98,-37.62,-73.65,58.5,3.36
7,tasiilaq,GL,1584056451,8,66,65.61,-37.64,14.0,19.46
8,hualmay,PE,1584056451,2,69,-11.1,-77.61,74.01,4.88
9,port elizabeth,CD,1584056451,100,73,-7.03,29.76,76.21,5.66
10,hithadhoo,MV,1584056451,19,69,-0.6,73.08,83.14,11.01
11,xichang,CN,1584056452,49,93,27.9,102.26,36.09,5.53
12,hasaki,JP,1584056452,75,76,35.73,140.83,54.0,6.93
13,tiarei,PF,1584056452,75,66,-17.53,-149.33,87.8,5.82
14,kodiak,US,1584056452,1,47,57.79,-152.41,33.8,13.87
15,adrar,MR,1584056452,9,11,20.5,-10.07,69.89,9.55
16,machico,PT,1584056453,40,72,32.7,-16.77,62.6,19.46
17,camana,PE,1584056453,54,80,-16.62,-72.71,67.93,4.7
18,karratha,AU,1584056428,46,74,-20.74,116.85,82.89,4.34
19,tighina,MD,1584056453,12,66,46.83,29.47,52.0,12.75
20,ryotsu,JP,1584056454,4,62,38.08,138.43,51.8,9.17
21,magistralnyy,RU,1584056454,100,86,56.17,107.45,19.26,6.8
22,vila franca do campo,PT,1584056454,93,81,42.03,-8.16,54.0,13.87
23,lavrentiya,RU,1584056454,100,88,65.58,-171.0,29.35,38.25
24,busselton,AU,1584056454,19,46,-33.65,115.33,66.99,18.05
25,port alfred,CD,1584056451,100,73,-7.03,29.76,76.21,5.66
26,bodden town,GB,1584056455,75,81,51.2,-2.52,45.0,23.04
27,gat,IL,1584056455,40,87,31.61,34.76,60.8,8.05
28,hilo,US,1584056182,1,54,19.73,-155.09,82.4,18.34
29,cururupu,BR,1584056455,81,97,-1.83,-44.87,74.44,1.41
30,balkhash,KZ,1584056456,100,80,46.84,74.98,20.98,9.73
31,ushuaia,AR,1584056456,75,66,-54.8,-68.3,53.6,1.59
32,saint-philippe,RE,1584056456,100,88,-21.36,55.77,80.6,13.87
33,monte alegre,FR,1584056457,75,93,42.47,9.39,51.8,2.24
34,morgan city,US,1584056457,90,87,39.72,-90.22,57.2,5.82
35,bethel,US,1584056457,90,65,41.37,-73.41,46.99,5.82
36,iqaluit,CA,1584056457,75,69,63.75,-68.51,-13.0,3.36
37,hofn,IS,1584056457,100,75,64.25,-15.21,30.02,17.52
38,grand river south east,US,1584056458,1,27,38.88,-109.5,62.6,9.17
39,sao filipe,IN,1584056458,3,22,20.51,76.21,62.92,8.79
40,vaini,TO,1584056458,75,83,-21.2,-175.2,82.4,10.29
41,puerto ayora,ES,1584056459,75,100,36.59,-6.23,59.0,1.01
42,nemuro,JP,1584056459,99,69,43.32,145.57,39.31,32.21
43,englewood,US,1584056204,90,52,39.65,-104.99,48.99,9.17
44,new norfolk,LR,1584056208,40,83,6.65,-10.59,82.4,1.81
45,malanje,AO,1584056460,96,97,-9.54,16.34,64.17,2.82
46,richards bay,US,1584056460,75,86,46.84,-95.91,33.8,14.99
47,vanimo,PG,1584056460,92,78,-2.67,141.3,82.56,10.29
48,eyl,SO,1584056460,99,80,7.98,49.82,78.57,20.62
49,yerbogachen,RU,1584056461,46,95,61.28,108.01,-6.68,5.1
50,lorengau,PG,1584056461,21,72,-2.02,147.27,84.61,13.0
51,saskylakh,RU,1584056461,100,94,71.92,114.08,-3.59,17.9
52,rikitea,PF,1584056461,2,77,-23.12,-134.97,77.79,17.9
53,mataura,NZ,1584056461,16,65,-46.19,168.86,63.0,4.0
54,acapulco,MX,1584056462,20,66,16.86,-99.89,86.0,5.82
55,albany,US,1584056462,90,49,42.6,-73.97,48.2,13.87
56,kaitangata,NZ,1584056462,2,77,-46.28,169.85,52.7,7.0
57,lavagna,IT,1584056462,100,93,44.31,9.34,55.4,17.22
58,alofi,NU,1584056462,75,83,-19.06,-169.92,82.4,10.29
59,bluff,NZ,1584056463,15,65,-46.6,168.33,63.0,4.0
60,mbuji-mayi,CD,1584056463,100,90,-6.15,23.6,69.82,1.07
61,benguela,AO,1584056463,95,79,-12.58,13.41,79.43,3.47
62,longyearbyen,SJ,1584056463,75,57,78.22,15.64,-9.4,13.87
63,yellowknife,CA,1584056429,90,70,62.46,-114.35,-5.8,13.87
64,ilulissat,GL,1584056464,75,71,69.22,-51.1,6.8,2.24
65,khatanga,RU,1584056464,12,85,71.97,102.5,-28.57,8.43
66,bengkulu,ID,1584056209,58,91,-3.8,102.27,73.96,3.91
67,shaunavon,CA,1584056464,97,89,49.65,-108.42,23.81,7.99
68,lubango,AO,1584056465,84,88,-14.92,13.49,62.11,3.31
69,fort smith,NL,1584056465,20,75,52.65,6.39,46.0,21.92
70,thompson,CA,1584056465,90,61,55.74,-97.86,14.0,17.22
71,cherskiy,RU,1584056465,100,95,68.75,161.3,-3.01,3.06
72,sayyan,YE,1584056465,4,38,15.17,44.32,45.27,1.63
73,praya,CV,1584056466,0,31,14.92,-23.51,77.0,16.11
74,hambantota,LK,1584056466,0,84,6.12,81.12,78.01,14.67
75,luderitz,NA,1584056466,0,88,-26.65,15.16,64.4,8.05
76,inverell,AU,1584056467,0,59,-29.78,151.12,73.99,5.99
77,cockburn town,AU,1584056467,16,34,-32.08,141.0,80.6,16.11
78,punta arenas,PH,1584056467,18,74,8.99,125.34,79.11,3.11
79,sidney,AU,1584056288,20,60,-33.87,151.21,75.0,6.93
80,tigre,AR,1584056467,0,73,-34.43,-58.58,78.01,4.7
81,pevek,RU,1584056468,100,95,69.7,170.31,6.8,7.52
82,ponta do sol,PT,1584056468,67,83,38.73,-28.27,56.39,9.26
83,panzhihua,CN,1584056468,0,62,26.59,101.71,49.1,0.76
84,fort nelson,NL,1584056465,20,75,52.65,6.39,46.0,21.92
85,ovsyanka,RU,1584056469,75,91,55.96,92.55,32.0,4.47
86,vagur,FO,1584056469,91,64,61.47,-6.81,34.3,17.16
87,hobart,AU,1584056444,90,72,-42.88,147.33,66.99,8.05
88,carnarvon,AU,1584056470,90,78,-24.87,113.63,78.8,5.82
89,moron,AR,1584056470,0,73,-34.65,-58.62,78.01,5.82
90,mar del plata,ES,1584056470,90,100,43.4,-4.01,53.01,3.36
91,sande,DE,1584056470,62,75,53.5,8.01,43.0,14.99
92,parati,BR,1584056470,68,87,-23.22,-44.71,70.97,0.69
93,arraial do cabo,BR,1584056471,10,65,-22.84,-46.65,77.0,10.29
94,atuona,PF,1584056471,57,74,-9.8,-139.03,82.15,8.16
95,sayansk,RU,1584056471,100,94,54.11,102.16,25.66,10.13
96,tuktoyaktuk,CA,1584056471,20,74,69.45,-133.04,-25.6,6.93
97,fairbanks,US,1584056403,75,65,64.84,-147.72,10.99,2.95
98,jamestown,US,1584056472,90,50,42.1,-79.24,57.2,8.05
99,ribeira grande,ES,1584056472,20,87,42.75,-8.44,53.01,10.29
100,port-gentil,GA,1584056472,100,88,-0.72,8.78,80.6,2.24
101,butaritari,KI,1584056473,24,77,3.07,172.79,83.08,8.86
102,barrow,US,1584056473,90,92,71.29,-156.79,10.4,25.28
103,keflavik,IS,1584056473,20,92,64.0,-22.56,24.8,8.05
104,mareeba,AU,1584056473,75,66,-17.0,145.43,84.99,16.11
105,hermanus,ZA,1584056473,1,93,-34.42,19.23,60.01,1.01
106,angleton,US,1584056436,75,73,29.17,-95.43,78.01,5.82
107,delta del tigre,NG,1584056474,75,92,5.5,6.0,78.49,4.76
108,turukhansk,RU,1584056474,84,64,65.82,87.98,8.13,13.06
109,bredasdorp,ZA,1584056474,4,92,-34.53,20.04,66.07,1.34
110,palana,RU,1584056474,100,90,59.12,159.97,16.72,35.79
111,aklavik,CA,1584056475,20,57,68.22,-135.01,-5.8,5.82
112,souillac,MU,1584056475,75,94,-20.52,57.52,80.01,6.91
113,iquique,CL,1584056475,40,73,-20.22,-70.14,73.4,19.46
114,iaciara,BR,1584056475,100,92,-14.1,-46.63,72.01,1.63
115,warri,NG,1584056476,75,92,5.52,5.75,78.49,4.76
116,stettler,CA,1584056476,100,75,52.32,-112.72,25.0,10.0
117,upernavik,GL,1584056476,100,92,72.79,-56.15,-16.85,4.54
118,gotsu,JP,1584056477,75,81,35.0,132.22,42.8,8.05
119,dalbandin,PK,1584056477,0,36,28.89,64.41,52.45,3.85
120,necochea,AR,1584056478,27,89,-38.55,-58.74,70.0,3.0
121,peniche,PT,1584056478,20,87,39.36,-9.38,55.99,13.87
122,severnoye,RU,1584056478,100,96,56.35,78.36,30.56,12.24
123,hobyo,SO,1584056479,89,78,5.35,48.53,78.42,15.57
124,bulgan,MN,1584056479,25,72,48.81,103.53,8.29,4.61
125,chokurdakh,RU,1584056479,72,95,70.63,147.92,-26.07,6.31
126,nikolskoye,RU,1584056479,90,96,59.7,30.79,37.99,2.24
127,teguise,ES,1584056479,20,82,29.06,-13.56,64.4,11.41
128,ugoofaaru,MV,1584056480,28,73,5.67,73.0,82.83,10.22
129,castro,BR,1584056480,33,67,-24.79,-50.01,66.96,6.04
130,fortuna,US,1584056480,1,62,40.6,-124.16,73.0,19.46
131,cape elizabeth,CL,1584056480,75,53,-36.41,-71.9,73.4,12.75
132,padang,ID,1584056480,38,95,-0.95,100.35,68.49,4.5
133,nouadhibou,MR,1584056481,6,33,20.93,-17.03,73.4,9.17
134,gamba,GA,1584056481,98,91,-2.65,10.0,78.04,2.75
135,antofagasta,CL,1584056201,20,77,-23.65,-70.4,68.0,11.41
136,felanitx,ES,1584056481,100,62,39.47,3.15,57.0,4.7
137,maceio,BR,1584056431,40,94,-9.67,-35.74,77.0,5.82
138,puerto escondido,ES,1584056482,75,100,36.59,-6.23,59.0,1.01
139,shingu,JP,1584056482,75,71,33.73,135.98,53.6,3.36
140,lapua,FI,1584056483,90,93,62.97,23.01,34.0,4.7
141,wadi musa,IN,1584056483,65,48,17.07,76.98,79.25,7.36
142,ancud,CL,1584056483,75,87,-41.87,-73.82,60.8,8.05
143,asau,RO,1584056483,64,76,46.43,26.4,50.0,11.41
144,lata,PT,1584056484,90,82,40.16,-8.33,55.99,11.41
145,avarua,CK,1584056484,26,88,-21.21,-159.78,80.6,5.82
146,skjervoy,NO,1584056484,100,67,70.03,20.97,23.16,20.15
147,egvekinot,RU,1584056484,100,98,66.32,-179.17,30.76,20.67
148,leningradskiy,RU,1584056485,99,77,69.38,178.42,21.65,14.23
149,kloulklubed,PW,1584056485,75,83,7.04,134.26,80.6,10.29
150,flinders,AU,1584056485,17,52,-34.58,150.86,72.0,12.75
151,grand forks,US,1584056485,1,27,38.88,-109.5,62.6,9.17
152,coihaique,CL,1584056485,75,87,-45.58,-72.07,55.4,3.36
153,kavieng,PG,1584056486,41,73,-2.57,150.8,84.34,11.1
154,cap-aux-meules,CA,1584056486,75,79,47.38,-61.86,21.2,10.29
155,harper,LR,1584056486,48,94,4.38,-7.72,77.95,3.76
156,beberibe,BR,1584056486,40,88,-4.18,-38.13,78.8,5.82
157,santa maria,PH,1584056487,4,65,17.49,120.43,80.83,2.89
158,festus,US,1584056487,75,93,38.22,-90.4,64.0,3.36
159,pisco,PE,1584056487,40,30,-13.7,-76.22,73.0,17.22
160,plouzane,FR,1584056488,20,75,48.38,-4.62,46.4,6.93
161,raudeberg,NO,1584056488,100,69,61.99,5.14,35.6,13.87
162,belmonte,BR,1584056488,75,94,-15.86,-38.88,75.2,2.24
163,asuncion nochixtlan,PY,1584056227,37,40,-25.3,-57.64,89.6,2.24
164,yulara,AU,1584056489,0,18,-25.24,130.99,84.2,12.75
165,olafsvik,IS,1584056489,100,90,64.89,-23.71,24.93,14.2
166,zhigansk,RU,1584056489,100,95,66.77,123.37,-3.96,18.48
167,atar,MR,1584056489,34,8,20.52,-13.05,71.17,8.37
168,faanui,PF,1584056489,61,70,-16.48,-151.75,83.41,10.42
169,nambucca heads,AU,1584056489,99,73,-30.63,152.98,71.6,12.75
170,pithapuram,IN,1584056490,0,80,17.12,82.27,78.24,1.83
171,khomutovo,RU,1584056490,90,100,52.47,104.4,26.6,4.47
172,cabra,ES,1584056490,41,72,37.47,-4.44,59.0,3.36
173,aden,YE,1584056466,27,52,12.78,45.04,75.22,19.73
174,eureka,US,1584056491,1,48,40.8,-124.16,64.99,14.99
175,salalah,OM,1584056491,40,69,17.02,54.09,73.4,3.36
176,minab,IR,1584056491,60,93,27.15,57.08,62.6,2.24
177,samana,DO,1584056491,75,100,19.21,-69.34,71.6,1.99
178,gombe,NG,1584056492,85,13,10.29,11.17,68.2,11.77
179,ambon,ID,1584056462,20,83,-3.7,128.18,82.4,3.36
180,juegang,CN,1584056492,80,91,32.32,121.19,54.0,12.21
181,rocha,UY,1584056492,7,97,-34.48,-54.33,65.01,2.91
182,cabo san lucas,BR,1584056492,90,70,-8.28,-35.03,84.2,11.41
183,steinbach,DE,1584056493,40,75,50.17,8.57,48.0,14.99
184,bauchi,NG,1584056493,48,12,10.5,10.0,65.34,5.55
185,jiazi,CN,1584056493,91,80,22.88,116.07,69.78,1.63
186,mys shmidta,RU,1584056493,100,97,62.06,48.62,33.4,11.79
187,tuatapere,NZ,1584056493,1,65,-46.13,167.68,63.0,4.0
188,georgetown,MY,1584056494,20,94,5.41,100.34,80.6,3.36
189,pemangkat,ID,1584056494,88,88,1.17,108.97,78.15,4.32
190,cayenne,GF,1584056494,23,83,4.93,-52.33,75.2,6.85
191,aksarka,RU,1584056494,100,100,66.56,67.8,34.7,14.72
192,pacific grove,US,1584056424,90,87,38.48,-90.74,61.0,3.36
193,haines junction,US,1584056495,1,35,59.23,-135.44,24.8,14.99
194,mahebourg,MU,1584056495,75,94,-20.41,57.7,80.01,6.91
195,constitucion,CL,1584056495,84,96,-35.33,-72.42,57.56,2.89
196,cortez,US,1584056496,1,47,37.35,-108.59,55.4,3.36
197,sitka,US,1584056496,20,51,57.05,-135.33,35.6,5.82
198,jalu,LY,1584056496,23,66,29.03,21.55,56.01,16.84
199,vao,NC,1584056496,92,77,-22.67,167.48,80.73,7.65
200,kailua,US,1584056481,90,94,21.4,-157.74,75.2,5.82
201,dikson,RU,1584056497,100,64,73.51,80.55,-1.52,32.66
202,ordynskoye,RU,1584056497,22,88,54.37,81.9,16.88,9.8
203,saldanha,ZA,1584056497,0,92,-33.01,17.94,59.88,7.54
204,carutapera,BR,1584056497,77,78,-1.2,-46.02,81.59,7.96
205,airai,TL,1584056497,0,78,-8.93,125.41,73.76,3.0
206,fukue,JP,1584056498,75,81,32.69,128.84,53.6,3.36
207,pierre,US,1584056481,1,36,44.37,-100.35,44.6,26.4
208,saint-pierre,RE,1584056498,100,88,-21.34,55.48,80.6,13.87
209,gao,ML,1584056498,0,9,16.64,1.64,73.8,12.95
210,samarai,PG,1584056498,94,76,-10.62,150.67,84.02,7.14
211,progreso,MX,1584056499,75,51,21.28,-89.67,86.0,11.41
212,wewak,PG,1584056499,100,68,-3.55,143.63,84.18,8.81
213,havelock,US,1584056499,1,68,34.88,-76.9,68.0,8.05
214,sao joao da barra,IN,1584056458,3,22,20.51,76.21,62.92,8.79
215,norman wells,US,1584056500,1,27,35.22,-97.44,79.0,11.41
216,kandrian,PG,1584056500,23,68,-6.22,149.55,84.76,15.48
217,bur gabo,DK,1584056500,96,86,56.37,8.43,42.01,12.75
218,mildura,AU,1584056500,33,39,-34.2,142.15,78.8,11.41
219,baglung,NP,1584056501,44,28,28.27,83.59,40.5,6.67
220,beyneu,KZ,1584056501,100,53,45.32,55.2,51.01,9.33
221,ponta delgada,PT,1584056468,67,83,38.73,-28.27,56.39,9.26
222,taoudenni,ML,1584056501,61,11,22.68,-3.98,71.31,7.36
223,nanortalik,GL,1584056502,0,75,60.14,-45.24,22.12,8.19
224,buala,SB,1584056502,100,73,-8.14,159.59,80.15,3.67
225,gizo,SB,1584056502,100,74,-8.1,156.84,80.98,8.41
226,muroto,JP,1584056502,75,66,33.28,134.15,48.2,8.05
227,palmer,US,1584056502,90,48,42.16,-72.33,48.2,4.7
228,hirara,JP,1584056503,75,100,24.8,125.28,68.0,20.8
229,geraldton,AU,1584056455,90,78,-28.77,114.6,71.6,9.17
230,partenit,UA,1584056503,0,83,44.58,34.34,50.38,3.53
231,honningsvag,NO,1584056467,90,92,70.98,25.97,23.0,28.86
232,nelson bay,NZ,1584056504,0,63,-41.28,173.28,66.99,5.01
233,gazanjyk,TM,1584056504,54,28,39.24,55.52,53.71,7.07
234,ferme-neuve,CA,1584056504,38,89,46.7,-75.45,29.17,6.08
235,ishigaki,JP,1584056505,75,94,24.34,124.16,71.6,10.29
236,lasa,IT,1584056505,75,93,46.62,10.7,51.01,1.12
237,praia,CV,1584056505,0,31,14.92,-23.51,77.0,16.11
238,broome,US,1584056505,90,56,42.25,-75.83,50.0,12.75
239,dulce grande,US,1584056506,40,37,36.93,-107.0,54.0,6.93
240,nyurba,RU,1584056506,100,93,63.28,118.33,-0.44,13.38
241,port blair,CD,1584056506,100,73,-7.03,29.76,76.21,5.66
242,bilma,NE,1584056506,9,32,18.69,12.92,59.2,13.94
243,sola,VU,1584056506,95,71,-13.88,167.55,86.18,12.35
244,daru,PG,1584056507,100,69,-9.08,143.21,84.85,9.1
245,teknaf,BD,1584056507,0,65,20.86,92.31,64.98,1.52
246,kruisfontein,ZA,1584056507,87,96,-34.0,24.73,66.18,2.06
247,kahului,US,1584056507,40,65,20.89,-156.47,80.6,12.75
248,puerto del rosario,ES,1584056482,75,100,36.59,-6.23,59.0,1.01
249,sambava,MG,1584056508,99,87,-14.27,50.17,75.52,1.5
250,matagami,CA,1584056508,90,74,49.75,-77.63,33.8,16.11
251,terney,RU,1584056508,3,57,45.05,136.61,15.12,12.28
252,petrozavodsk,RU,1584056508,84,93,61.78,34.35,35.6,2.24
253,korla,CN,1584056509,100,94,41.76,86.15,34.0,1.19
254,gillette,US,1584056509,75,51,44.29,-105.5,36.0,8.05
255,beringovskiy,RU,1584056509,100,96,63.05,179.32,35.31,25.86
256,mtwara,TZ,1584056509,51,98,-10.27,40.18,73.54,3.09
257,umba,RU,1584056510,91,91,66.69,34.34,25.7,3.8
258,kil,SE,1584056295,42,80,59.51,13.31,37.0,12.75
259,hukuntsi,BW,1584056510,94,43,-24.0,21.75,75.85,5.79
260,dingle,PH,1584056511,24,81,11.0,122.67,77.59,9.4
261,norfolk,US,1584055895,90,65,42.17,-71.25,45.0,3.36
262,luanda,AO,1584056511,20,88,-8.84,13.23,80.6,2.24
263,chuy,UY,1584056511,50,92,-33.7,-53.46,71.26,8.08
264,liku,ID,1584056511,71,88,-0.73,119.89,75.58,1.97
265,lingyuan,CN,1584056512,0,24,41.24,119.4,26.08,4.97
266,chitrakonda,IN,1584056512,0,78,18.12,82.08,69.62,3.65
267,khash,IR,1584056472,0,22,28.22,61.22,48.07,7.81
268,lebyazhye,RU,1584056512,85,93,55.27,66.49,26.65,16.98
269,tiksi,RU,1584056512,87,87,71.69,128.87,-20.54,3.15
270,banda aceh,IN,1584056513,32,75,25.48,80.33,70.43,4.03
271,seoul,KR,1584056475,75,44,37.57,126.98,42.8,3.36
272,isla vista,PH,1584056513,41,59,15.89,120.3,78.98,5.77
273,akdepe,TM,1584056514,91,45,42.06,59.38,46.4,9.17
274,terrace bay,CA,1584056330,40,48,54.52,-128.6,39.2,4.7
275,san patricio,ML,1584056514,0,8,13.3,-4.9,79.92,9.53
276,vila velha,PT,1584056514,93,81,42.03,-8.16,54.0,13.87
277,khasan,RU,1584056514,0,35,42.43,130.64,23.11,18.81
278,nuevo progreso,US,1584056515,90,87,33.8,-117.15,60.8,23.04
279,clyde river,US,1584056515,75,76,41.3,-82.98,59.0,10.29
280,severo-kurilsk,RU,1584056515,78,75,50.68,156.12,22.46,9.19
281,izumo,JP,1584056515,75,61,35.37,132.77,50.0,8.05
282,port moresby,CD,1584056516,100,73,-7.03,29.76,76.21,5.66
283,amalapuram,IN,1584056516,0,94,16.58,82.02,72.09,1.39
284,pajapan,MX,1584056516,5,69,18.25,-94.7,80.6,11.41
285,codrington,AU,1584056516,100,87,-38.27,141.97,63.77,17.09
286,neiafu,TO,1584056516,75,74,-18.65,-173.98,86.0,4.7
287,granada,ES,1584056517,100,67,37.25,-3.25,59.0,1.12
288,nome,US,1584056420,75,79,64.5,-165.41,25.0,13.87
289,porto novo,PT,1584056358,92,100,41.15,-8.61,55.0,2.24
290,mbandaka,CD,1584056518,100,99,0.05,18.26,68.0,1.79
291,omboue,GA,1584056518,100,89,-1.57,9.26,76.78,1.7
292,quelimane,MZ,1584056518,42,88,-17.88,36.89,77.32,5.01
293,zapolyarnyy,RU,1584056518,75,92,69.42,30.81,26.6,41.38
294,parangan,PH,1584056519,0,81,5.08,119.94,80.46,4.38
295,narsaq,GL,1584056519,0,57,60.92,-46.05,19.4,6.93
296,cidreira,BR,1584056519,27,82,-30.18,-50.21,76.6,16.75
297,atherton,GB,1584056519,90,81,53.52,-2.49,45.0,18.34
298,along,IN,1584056520,57,87,28.17,94.77,54.16,4.29
299,spornoye,RU,1584056520,90,53,50.84,37.29,50.0,11.18
300,aqtobe,KZ,1584056520,40,69,50.28,57.21,37.4,6.71
301,kochi,IN,1584056522,20,88,9.94,76.26,80.6,5.82
302,khandyga,RU,1584056522,31,94,62.67,135.6,-16.71,1.57
303,anchorage,US,1584056491,40,37,61.22,-149.9,21.99,5.82
304,isangel,VU,1584056522,83,70,-19.55,169.27,87.8,6.93
305,bose,IT,1584056522,75,81,45.46,8.01,55.99,3.36
306,kamaishi,JP,1584056523,0,46,39.27,141.88,35.6,3.36
307,mecca,SA,1584056343,85,50,21.43,39.83,79.34,4.41
308,iranduba,BR,1584056523,100,83,-3.28,-60.19,87.8,1.12
309,tias,ES,1584056524,20,82,28.96,-13.64,66.2,11.41
310,high level,US,1584056524,75,73,33.61,-95.75,77.0,10.29
311,bara,NG,1584056525,75,13,10.37,10.73,66.69,8.08
312,peachland,CA,1584056525,75,48,49.77,-119.74,42.8,13.87
313,bonthe,SL,1584056525,0,89,7.53,-12.51,80.02,6.38
314,san vicente,ML,1584056526,0,8,13.3,-4.9,79.92,9.53
315,moranbah,AU,1584056526,49,62,-22.0,148.05,74.28,23.53
316,taboga,IT,1584056526,100,93,46.27,13.11,51.8,3.36
317,shimoda,JP,1584056526,40,54,34.67,138.95,57.2,14.99
318,margate,GB,1584056527,40,70,51.38,1.39,45.0,20.8
319,dindori,IN,1584056527,3,81,22.95,81.08,64.24,1.83
320,moose factory,US,1584056527,20,31,43.66,-110.72,37.4,9.17
321,takaka,NZ,1584056387,1,67,-40.85,172.8,61.95,5.55
322,hovd,MN,1584056528,0,41,48.01,91.64,9.84,1.1
323,siyabuswa,ZA,1584056528,66,89,-25.11,29.04,67.15,6.93
324,kunming,CN,1584056306,0,47,25.04,102.72,59.0,22.37
325,katsuura,JP,1584056528,75,71,35.13,140.3,57.99,1.12
326,temuco,CL,1584056529,75,77,-38.73,-72.6,68.0,5.82
327,grand gaube,US,1584056485,1,27,38.88,-109.5,62.6,9.17
328,lagoa,PT,1584056529,0,70,39.05,-27.98,59.43,10.27
329,tougan,BF,1584056399,7,8,13.07,-3.07,81.07,8.21
330,viedma,AR,1584056244,0,36,-40.81,-63.0,76.62,7.14
331,mubarakpur,IN,1584056530,39,56,26.09,83.29,71.74,5.3
332,killybegs,IE,1584056530,30,93,54.63,-8.45,41.0,3.0
333,arrecife,ES,1584056407,20,82,28.96,-13.55,66.2,11.41
334,araouane,ML,1584056530,60,8,18.9,-3.53,74.73,10.07
335,catacamas,HN,1584056531,46,93,14.8,-85.9,66.07,3.38
336,cambridge,CA,1584056343,75,80,43.36,-80.31,41.0,11.41
337,talnakh,RU,1584056531,63,64,69.49,88.4,-4.0,17.9
338,tazovskiy,RU,1584056420,100,94,67.47,78.7,20.8,22.68
339,syamzha,RU,1584056532,94,95,60.02,41.06,34.03,7.87
340,nanakuli,US,1584056532,90,94,21.39,-158.15,75.2,5.82
341,ampanihy,MG,1584056532,0,67,-24.7,44.75,73.89,4.12
342,puerto el triunfo,ES,1584056482,75,100,36.59,-6.23,59.0,1.01
343,muros,ES,1584056533,20,87,42.78,-9.06,53.01,10.29
344,rio grande,GR,1584056533,0,93,38.3,21.78,48.2,5.68
345,aketi,CD,1584056533,100,96,2.74,23.78,70.45,2.8
346,kashi,CN,1584056533,40,38,39.45,75.98,42.8,4.47
347,wladyslawowo,PL,1584056533,40,64,54.79,18.4,42.01,23.04
348,kuytun,RU,1584056534,100,95,54.34,101.5,25.61,11.25
349,karur,IN,1584056534,18,85,10.95,78.08,71.74,4.97
350,alice springs,US,1584056534,1,54,27.75,-98.07,91.4,18.34
351,motygino,RU,1584056535,100,96,58.18,94.76,24.87,9.19
352,pangnirtung,CA,1584056535,57,92,66.15,-65.71,-17.86,3.65
353,garowe,SO,1584056535,100,85,8.41,48.48,68.18,10.02
354,tessalit,ML,1584056536,20,18,20.2,1.01,66.54,14.29
355,moerewa,NZ,1584056536,2,65,-35.38,174.03,73.0,8.01
356,sparbu,NO,1584056536,90,84,63.92,11.44,32.0,18.34
357,marsa matruh,MT,1584056536,0,93,35.88,14.5,55.99,10.29
358,lazaro cardenas,DO,1584056536,25,89,19.46,-71.33,70.59,2.1
359,liverpool,GB,1584056508,90,81,53.41,-2.98,45.0,18.34
360,sucua,EC,1584056537,20,83,-2.47,-78.17,69.8,4.7
361,siniscola,IT,1584056537,55,61,40.57,9.69,50.22,4.07
362,finschhafen,PG,1584056537,41,76,-6.6,147.87,84.67,32.3
363,kaohsiung,TW,1584056538,75,78,22.62,120.31,75.2,5.82
364,bathsheba,BB,1584056538,75,83,13.22,-59.52,75.2,9.17
365,huarmey,PE,1584056538,16,64,-10.07,-78.15,73.94,3.69
366,menongue,AO,1584056538,100,93,-14.66,17.69,63.14,1.43
367,leiyang,CN,1584056539,100,97,26.4,112.86,55.85,4.88
368,valparaiso,CL,1584056489,8,49,-33.04,-71.63,69.8,9.17
369,sapang buho,PH,1584056539,75,78,15.7,120.52,75.2,4.7
370,victoria,HK,1584056473,20,88,22.29,114.16,75.0,14.99
371,marawi,PH,1584056539,50,80,8.0,124.29,75.99,4.0
372,gambettola,IT,1584056540,76,87,44.12,12.34,57.99,1.12
373,aykhal,RU,1584056540,90,68,66.0,111.5,-18.4,15.66
374,villa vazquez,IT,1584056540,75,93,46.2,10.13,55.0,1.12
375,guozhen,CN,1584056540,99,42,34.37,107.36,43.9,5.59
376,zolotukhino,RU,1584056540,64,77,52.08,36.38,47.7,22.79
377,puteyets,RU,1584056541,100,98,65.17,57.09,34.3,12.93
378,zhangye,CN,1584056541,0,71,38.93,100.45,25.97,8.25
379,qobustan,AZ,1584056541,75,93,40.08,49.41,44.6,11.41
380,marzuq,YE,1584056541,36,61,14.4,46.47,57.29,3.87
381,nalut,LY,1584056541,0,60,30.33,10.85,50.32,7.87
382,lomovka,RU,1584056541,90,100,53.92,58.37,30.2,11.18
383,kiruna,SE,1584056542,100,85,67.86,20.23,21.2,11.41
384,mamallapuram,IN,1584056542,20,94,12.63,80.17,81.0,3.36
385,abapo,BO,1584056542,23,42,-18.83,-63.47,83.1,6.06
386,nizwa,OM,1584056542,59,37,22.93,57.53,58.5,1.16
387,challapata,BO,1584056543,50,55,-18.9,-66.77,55.15,9.19
388,sabang,ID,1584056543,59,71,5.89,95.32,82.65,9.51
389,acari,PE,1584056543,49,76,-15.43,-74.62,70.79,3.8
390,awbari,LY,1584056543,0,53,26.59,12.78,50.83,6.6
391,nicolas bravo,HT,1584056543,1,69,18.23,-73.82,79.25,5.95
392,wattegama,LK,1584056544,8,96,6.8,81.48,69.73,2.75
393,almaznyy,RU,1584056544,11,86,48.04,40.05,41.0,11.18
394,apolda,DE,1584056544,61,77,51.02,11.5,43.0,13.87
395,rio gallegos,GR,1584056544,0,93,38.3,21.78,48.2,5.68
396,tilichiki,RU,1584056545,100,88,60.47,166.1,24.15,19.33
397,ulladulla,AU,1584056545,1,52,-35.35,150.47,75.99,12.75
398,pulaski,US,1584056545,20,73,34.77,-92.3,75.2,12.75
399,anori,BR,1584056546,100,78,-3.77,-61.64,80.4,2.37
400,roma,US,1584056345,90,73,43.21,-75.46,52.0,5.82
401,tibati,CM,1584056546,67,23,6.47,12.63,63.34,5.26
402,klaksvik,FO,1584056546,98,67,62.23,-6.59,32.0,6.93
403,arenillas,ES,1584056547,100,90,41.35,-2.85,46.99,8.01
404,kaina,NG,1584056547,72,18,12.64,8.59,63.86,9.06
405,at-bashi,KG,1584056547,39,81,41.17,75.81,3.49,11.03
406,chernyshevsk,RU,1584056547,54,87,52.52,117.02,9.52,3.42
407,hargeysa,SO,1584056548,16,96,9.56,44.06,59.41,8.97
408,provideniya,RU,1584056548,90,97,64.38,-173.3,32.0,33.55
409,eydhafushi,MV,1584056548,32,73,5.1,73.07,82.67,10.89
410,kieta,PG,1584056548,56,75,-6.22,155.63,85.42,21.99
411,portland,US,1584055796,20,37,45.52,-122.68,57.0,11.41
412,warmbad,NA,1584056549,0,37,-28.45,18.73,63.59,6.82
413,chase,CA,1584056549,75,30,50.82,-119.69,42.8,4.7
414,koygorodok,RU,1584056549,94,96,60.45,51.0,34.29,12.64
415,union,US,1584056468,90,81,40.63,-74.27,48.2,7.25
416,komsomolskiy,UZ,1584056550,0,70,40.43,71.72,42.8,4.7
417,rameswaram,IN,1584056550,49,79,9.28,79.3,80.69,13.67
418,knysna,ZA,1584056341,87,88,-34.04,23.05,66.2,4.7
419,olinda,BR,1584056550,90,70,-8.01,-34.86,84.2,11.41
420,faya,SA,1584056551,6,67,18.39,42.45,59.0,5.75
421,nuuk,GL,1584056551,40,78,64.18,-51.72,15.8,11.41
422,keti bandar,AM,1584056551,86,56,40.87,43.84,44.6,2.24
423,nago,JP,1584056551,75,93,26.59,127.98,64.4,13.87
424,satana,IN,1584056551,0,74,20.58,74.2,53.82,5.12
425,kutum,SD,1584056552,100,19,14.2,24.67,58.41,15.97
426,binga,ZW,1584056552,54,82,-17.62,27.34,75.22,3.4
427,ishim,RU,1584056552,29,86,56.11,69.49,23.95,15.61
428,makakilo city,US,1584056439,90,94,21.35,-158.09,75.2,5.82
429,leh,IN,1584056552,100,87,34.17,77.58,13.23,2.53
430,athabasca,CA,1584056354,100,84,54.72,-113.29,15.73,13.56
431,zhezkazgan,KZ,1584056553,46,76,47.8,67.71,15.01,5.48
432,skagen,DK,1584056553,90,90,57.72,10.58,42.01,10.0
433,roald,NO,1584056553,100,62,62.58,6.13,34.0,24.16
434,bollnas,SE,1584056554,83,79,61.35,16.39,31.96,9.51
435,tagab,AF,1584056554,32,100,34.85,69.65,35.6,2.24
436,norsup,VU,1584056554,59,100,-16.07,167.38,84.2,8.05
437,kirakira,SB,1584056555,97,83,-10.45,161.92,80.87,8.03
438,semnan,IR,1584056555,96,35,35.57,53.4,52.23,0.92
439,forbes,AU,1584056555,0,38,-33.38,148.02,75.99,3.0
440,byron bay,US,1584056555,75,69,44.03,-92.65,41.0,16.11
441,bansi,IN,1584056555,50,66,27.18,82.93,69.17,16.51
442,san jeronimo,ML,1584056556,0,8,13.3,-4.9,79.92,9.53
443,lieksa,FI,1584056556,100,98,63.32,30.02,32.18,2.75
444,santa rosa,PH,1584056556,4,65,17.49,120.43,80.83,2.89
445,concarneau,FR,1584056556,0,81,47.88,-3.92,46.99,8.05
446,sarny,UA,1584056557,47,68,51.34,26.6,42.12,11.03
447,coahuayana,MX,1584056557,40,83,18.73,-103.68,78.8,17.22
448,kupang,ID,1584056528,20,88,-10.17,123.58,80.6,2.24
449,gravelbourg,CA,1584056557,100,50,49.88,-106.55,28.44,14.56
450,katobu,ID,1584056558,59,82,-4.94,122.53,81.99,1.19
451,kholtoson,RU,1584056558,56,84,50.3,103.31,5.58,3.0
452,bozoum,CF,1584056558,77,19,6.32,16.38,66.02,5.7
453,yangambi,CD,1584056558,78,98,0.81,24.43,70.66,3.2
454,sarkand,KZ,1584056558,50,37,45.41,79.92,30.29,2.93
455,moa,CU,1584056559,44,93,20.66,-74.94,65.88,2.64
456,algiers,DZ,1584056455,100,55,36.75,3.04,60.8,4.7
457,ostrovnoy,RU,1584056559,100,95,68.05,39.51,22.91,3.62
458,grindavik,IS,1584056559,20,92,63.84,-22.43,24.8,9.17
459,koslan,RU,1584056560,100,97,63.46,48.9,32.47,9.42
460,mukhen,RU,1584056560,100,89,48.1,136.1,10.69,12.88
461,iquitos,PE,1584056560,75,83,-3.75,-73.25,80.6,11.41
462,clinton,US,1584056560,40,76,42.59,-82.92,50.0,5.82
463,chake chake,CN,1584056560,0,58,23.86,103.05,56.82,3.38
464,peterhead,GB,1584056495,75,75,57.51,-1.8,41.0,20.8
465,matay,EG,1584056561,100,73,28.42,30.78,55.15,38.77
466,betioky,MG,1584056561,0,71,-23.72,44.38,72.88,3.09
467,pangkalanbuun,ID,1584056562,80,85,-2.68,111.62,78.6,0.43
468,ostrogozhsk,RU,1584056562,70,68,50.87,39.08,46.15,20.24
469,nioro,GM,1584056562,0,16,13.35,-15.75,78.46,4.45
470,lincoln,US,1584056363,1,40,40.8,-96.67,51.8,24.16
471,mount gambier,GB,1584056563,40,80,53.66,-1.85,44.01,21.92
472,berlevag,NO,1584056288,90,92,70.86,29.09,21.2,28.86
473,porto san giorgio,PT,1584056358,92,100,41.15,-8.61,55.0,2.24
474,maniitsoq,GL,1584056563,100,79,65.42,-52.9,10.36,5.84
475,parkovyy,RU,1584056563,0,68,45.83,40.15,43.07,6.76
476,russell,US,1584056564,1,54,32.35,-85.2,78.8,8.05
477,saint-denis,FR,1584056564,50,65,48.92,2.33,44.6,13.87
478,srednekolymsk,RU,1584056564,100,95,67.45,153.68,-15.75,13.4
479,esperance,AU,1584056565,75,93,-33.87,121.9,62.6,5.82
480,andenes,NO,1584056565,100,92,69.31,16.12,26.01,41.38
481,oranjemund,NA,1584056565,6,88,-28.55,16.43,62.62,2.42
482,ajdabiya,LY,1584056566,7,75,30.76,20.23,59.77,22.08
483,oparino,RU,1584056566,95,90,59.85,48.28,33.8,11.77
484,tura,IN,1584056566,0,54,25.52,90.22,69.13,1.34
485,heihe,CN,1584056566,0,37,50.24,127.49,1.4,6.71
486,rio pardo de minas,GR,1584056566,0,93,38.3,21.78,48.2,5.68
487,apac,UG,1584056567,59,87,1.98,32.54,68.43,2.19
488,san cristobal,ML,1584056526,0,8,13.3,-4.9,79.92,9.53
489,porbandar,IN,1584056568,0,54,21.64,69.61,73.81,12.8
490,aras,ES,1584056568,75,76,42.56,-2.36,53.6,9.17
491,miri,MY,1584056568,75,100,4.41,114.01,77.0,4.21
492,zhuhai,CN,1584056568,20,88,22.28,113.57,75.0,14.99
493,altmunster,AT,1584056569,75,81,47.9,13.76,52.0,13.87
494,kyshtovka,RU,1584056569,100,91,56.55,76.63,31.33,12.82
495,plyussa,RU,1584056569,100,92,58.43,29.37,34.59,10.45
496,charlestown,AU,1584056496,40,68,-32.95,151.67,75.99,9.17
497,lashio,MM,1584056570,0,54,22.93,97.75,61.27,2.3
498,sao gabriel,IN,1584056570,3,22,20.51,76.21,62.92,8.79
499,lai,TD,1584056570,100,7,9.4,16.3,72.66,6.24
500,mangit,UZ,1584056570,0,70,40.6,70.96,42.8,4.7
501,napasar,IN,1584056571,0,51,27.97,73.55,59.04,8.93
502,bonavista,CA,1584056571,98,87,48.65,-53.11,28.0,5.99
503,kondinskoye,RU,1584056571,94,88,59.65,67.41,32.9,15.77
504,yar-sale,RU,1584056571,100,99,66.83,70.83,33.98,14.67
505,morbach,DE,1584056572,20,64,49.82,7.12,46.4,20.8
506,marsh harbour,GB,1584056572,40,80,53.65,-1.81,44.01,21.92
507,carroll,US,1584056572,90,62,39.55,-77.02,57.99,8.05
508,mount isa,GB,1584056572,40,80,53.66,-1.85,44.01,21.92
509,waipawa,NZ,1584056573,57,63,-41.41,175.52,66.99,6.93
510,kemijarvi,FI,1584056573,100,97,66.71,27.43,26.65,3.4
511,puerto leguizamo,ES,1584056573,75,100,36.59,-6.23,59.0,1.01
512,hinton,CA,1584056573,100,86,53.4,-117.59,13.24,8.08
513,qasigiannguit,GL,1584056574,75,71,68.82,-51.19,6.8,2.24
514,tabat,ID,1584056574,97,93,-2.63,115.23,78.24,2.19
515,nanzhang,CN,1584056574,100,44,31.78,111.84,51.46,9.33
516,ketchikan,US,1584056574,40,60,55.34,-131.65,39.2,20.8
517,saravena,CO,1584056575,82,51,6.95,-71.88,81.66,3.51
518,vila,PT,1584056575,93,81,42.03,-8.16,54.0,13.87
519,ayan,RU,1584056576,37,68,56.45,138.17,-5.93,9.78
520,port lincoln,CD,1584056451,100,73,-7.03,29.76,76.21,5.66
521,mkushi,ZM,1584056576,100,98,-13.62,29.39,64.54,5.68
522,dunedin,NZ,1584056576,0,70,-45.87,170.5,60.01,10.0
523,fairview,US,1584056363,90,87,40.81,-74.0,48.2,10.29
524,luchenza,MW,1584056577,14,96,-16.01,35.31,64.85,2.82
525,campos novos,BR,1584056577,31,94,-21.75,-41.3,75.2,5.82
526,honiara,SB,1584056577,90,88,-9.43,159.95,80.6,3.36
527,naze,JP,1584056578,75,87,28.37,129.48,60.8,6.93
528,abbeville,FR,1584056578,75,70,50.1,1.83,46.4,16.11
529,selkirk,CA,1584056578,90,79,50.14,-96.88,27.0,24.16
530,darnah,LY,1584056578,12,71,32.77,22.64,60.93,29.24
531,ambilobe,MG,1584056579,100,94,-13.2,49.05,76.08,2.44
532,lander,US,1584056356,90,64,42.83,-108.73,36.0,3.36
533,abu zabad,IN,1584056579,0,73,24.6,72.7,49.46,2.71
534,pokhara,NP,1584056580,33,36,28.23,83.98,61.21,3.56
535,bandarbeyla,SO,1584056580,39,76,9.49,50.81,78.26,16.11
536,fare,PF,1584056580,93,73,-16.7,-151.02,83.14,12.21
537,monopoli,IT,1584056580,16,66,40.96,17.29,59.0,5.82
538,cabedelo,BR,1584056580,75,88,-6.98,-34.83,78.8,5.82
539,yuancheng,CN,1584056581,100,46,36.65,107.79,33.89,11.1
540,brewster,US,1584056311,90,75,41.4,-73.62,48.0,6.93
541,heinola,FI,1584056582,90,100,61.21,26.04,34.0,4.7
542,carballo,ES,1584056582,20,70,43.21,-8.69,52.0,4.7
543,ichinohe,JP,1584056582,75,42,40.21,141.3,46.4,11.41
544,kavaratti,IN,1584056582,20,78,10.57,72.64,81.61,13.98
545,antalaha,MG,1584056582,100,81,-14.9,50.28,81.81,21.7
